{"cameraMode":{"drawMode":0,"name":"Shaded","section":"Shading Mode"},"sceneLighting":true,"audioPlay":false,"sceneViewState":{"showFog":true,"showMaterialUpdate":true,"showSkybox":true,"showFlares":true,"showImageEffects":true,"showParticleSystems":true},"in2DMode":false,"pivot":{"x":410.88824462890627,"y":444.79486083984377,"z":2.4097487926483156},"rotation":{"x":-0.0024447771720588209,"y":0.9975529313087463,"z":0.0476098395884037,"w":0.051220666617155078},"size":251.10153198242188,"orthographic":false}