{"cameraMode":{"drawMode":0,"name":"Shaded","section":"Shading Mode"},"sceneLighting":false,"audioPlay":false,"sceneViewState":{"showFog":true,"showMaterialUpdate":true,"showSkybox":false,"showFlares":true,"showImageEffects":true,"showParticleSystems":true},"in2DMode":false,"pivot":{"x":497.69500732421877,"y":119.08499145507813,"z":0.0},"rotation":{"x":-0.0024447771720588209,"y":0.9975529313087463,"z":0.0476098395884037,"w":0.051220666617155078},"size":1921.1710205078125,"orthographic":false}